patient_id,improvement_score
P362,73.955
P074,73.08
P375,69.99
P156,70.0
P105,69.84
P395,73.48
P378,66.765
P125,69.45
P069,72.83
P451,74.62
P010,70.085
P195,70.17
P407,72.885
P085,73.98
P372,78.615
P389,69.69
P496,69.78
P031,73.605
P317,72.8
P409,75.12
P491,75.91
P492,74.47
P281,73.13
P357,74.09
P077,73.55
P462,76.78
P498,78.465
P212,63.535
P102,71.795
P335,73.3
P476,67.25
P337,75.54
P441,71.95
P174,74.105
P003,75.155
P334,68.815
P410,76.735
P071,73.565
P210,74.235
P064,69.54
P385,73.04
P094,70.765
P486,70.915
P186,71.5
P034,71.33
P078,73.215
P001,70.45
P012,73.98
P416,73.515
P023,74.065
P073,76.01
P183,75.645
P132,75.69
P411,70.285
P194,69.65
P056,69.725
P149,74.08
P019,72.255
P205,71.835
P079,75.84
P495,72.835
P263,73.03
P324,74.825
P484,73.31
P080,68.73
P040,71.85
P452,75.09
P047,69.68
P239,70.045
P392,78.39
P353,71.695
P342,76.595
P278,68.64
P291,74.435
P318,75.06
P305,70.15
P269,74.695
P070,68.68
P456,76.785
P466,75.01
P155,70.7
P083,69.01
P478,74.895
P173,73.22
P322,72.705
P091,71.28
P181,72.585
P415,72.24
P313,77.045
P279,76.515
P382,70.365
P473,78.755
P363,73.425
P325,75.32
P432,72.74
P348,72.915
P087,70.185
P076,72.12
P439,72.225
P016,71.75
